{
  "project_info": {
    "project_number": "690903726445",
    "project_id": "aadhaar-obs",
    "storage_bucket": "aadhaar-obs.appspot.com"
  },
  "client": [
    {
      "client_info": {
        "mobilesdk_app_id": "1:690903726445:android:0f91aa9a4d1bfbb1318264",
        "android_client_info": {
          "package_name": "com.example.aadhar_operator"
        }
      },
      "oauth_client": [
        {
          "client_id": "690903726445-fifd58buq9ud53a93bd2r3oafq6jn56h.apps.googleusercontent.com",
          "client_type": 3
        }
      ],
      "api_key": [
        {
          "current_key": "AIzaSyDqC7N7_XnYxcHe_ZbA_ngIFTRqV_awnvM"
        }
      ],
      "services": {
        "appinvite_service": {
          "other_platform_oauth_client": [
            {
              "client_id": "690903726445-fifd58buq9ud53a93bd2r3oafq6jn56h.apps.googleusercontent.com",
              "client_type": 3
            },
            {
              "client_id": "690903726445-79eibkdmbbiu5gkls00vaa6bfvr8ea1k.apps.googleusercontent.com",
              "client_type": 2,
              "ios_info": {
                "bundle_id": "com.example.aadharOperator"
              }
            }
          ]
        }
      }
    }
  ],
  "configuration_version": "1"
}